Ticker;Schlusskurs_Vortag;Schlusskurs_Tag;Aenderung_Absolut;Aenderung_Prozent
ADS.DE;226.44;225.78;-0.66;-0.29
AIR.DE;63.94;62.26;-1.68;-2.63
ALV.DE;136.99;135.81;-1.18;-0.86
BAS.DE;34.93;35.58;0.66;1.89
BAYN.DE;61.07;60.65;-0.42;-0.7
BEI.DE;95.32;94.86;-0.47;-0.49
BMW.DE;40.46;40.35;-0.11;-0.26
BNR.DE;39.56;40.0;0.44;1.11
CBK.DE;3.82;3.54;-0.28;-7.26
CON.DE;45.28;45.14;-0.15;-0.32
1COV.DE;;;;
DTG.DE;;;;
DB1.DE;138.9;138.19;-0.71;-0.51
DBK.DE;7.3;7.15;-0.15;-2.05
SY1.DE;89.83;92.06;2.24;2.49
DPW.DE;;;;
DTE.DE;12.05;12.06;0.01;0.07
EON.DE;;;;
FRE.DE;37.8;38.06;0.26;0.68
HEI.DE;41.38;41.19;-0.19;-0.46
HEN3.DE;70.74;70.16;-0.59;-0.83
HLAG.DE;36.86;33.69;-3.17;-8.59
IFX.DE;19.13;19.31;0.18;0.92
MBG.DE;19.99;19.85;-0.15;-0.74
MRK.DE;94.35;93.29;-1.05;-1.12
MTX.DE;152.39;151.03;-1.37;-0.9
MUV2.DE;179.19;180.45;1.26;0.7
PAH3.DE;37.58;37.79;0.21;0.55
QIA.DE;37.09;36.96;-0.13;-0.34
RWE.DE;25.74;25.91;0.17;0.65
SAP.DE;108.9;109.05;0.14;0.13
SRT3.DE;292.75;283.72;-9.03;-3.09
SIE.DE;79.02;79.24;0.22;0.27
ENR.DE;;;;
SHL.DE;39.18;38.41;-0.78;-1.99
SPK.DE;;;;
VOW3.DE;78.1;77.19;-0.91;-1.16
VNA.DE;32.29;32.69;0.4;1.25
ZAL.DE;60.2;64.5;4.3;7.14
RHMG.DE;;;;
