Ticker;Schlusskurs_Vortag;Aktueller_Kurs;Aenderung_Absolut;Aenderung_Prozent
1COV.DE;;;;
ADS.DE;142.25;146.5;4.25;2.99
AIR.DE;194.38;192.54;-1.84;-0.95
ALV.DE;419.2;423.5;4.3;1.03
BAS.DE;52.3;50.42;-1.88;-3.59
BAYN.DE;49.38;50.02;0.64;1.3
BEI.DE;78.18;78.56;0.38;0.49
BMW.DE;56.46;55.72;-0.74;-1.31
BNR.DE;58.86;59.56;0.7;1.19
CBK.DE;41.07;42.19;1.12;2.73
CON.DE;69.18;69.0;-0.18;-0.26
DB1.DE;282.8;284.8;2.0;0.71
DBK.DE;30.93;31.76;0.83;2.68
DPW.DE;;;;
DTE.DE;26.89;27.0;0.11;0.41
DTG.DE;41.86;42.54;0.68;1.62
ENR.DE;142.1;142.6;0.5;0.35
EON.DE;;;;
FRE.DE;45.74;46.15;0.42;0.91
HEI.DE;143.1;144.0;0.9;0.63
HEN3.DE;74.12;73.74;-0.38;-0.51
HLAG.DE;137.8;134.6;-3.2;-2.32
IFX.DE;56.26;56.71;0.45;0.8
MBG.DE;41.24;41.28;0.04;0.1
MRK.DE;133.95;135.0;1.05;0.78
MTX.DE;368.1;369.9;1.8;0.49
MUV2.DE;512.6;510.4;-2.2;-0.43
PAH3.DE;25.59;25.77;0.18;0.7
QIA.DE;38.83;38.96;0.12;0.31
RHMG.DE;;;;
RWE.DE;59.16;59.4;0.24;0.41
SAP.DE;184.18;185.92;1.74;0.94
SHL.DE;37.21;37.79;0.58;1.56
SIE.DE;274.8;278.3;3.5;1.27
SPK.DE;;;;
SRT3.DE;265.3;258.3;-7.0;-2.64
SY1.DE;93.24;93.08;-0.16;-0.17
VNA.DE;17.09;17.17;0.08;0.47
VOW3.DE;70.82;71.72;0.9;1.27
ZAL.DE;22.12;22.03;-0.09;-0.41
